标的,入场日,入场价,止损,出场日,出场价,股数,R倍数,收益率,出场原因,持有天数,是否部分止盈,部分止盈价,部分止盈股数
MOD,2023-05-19,21.7900,20.8001,2023-05-23,20.8001,10102.03,-1.0129,-0.046015,stop,2,0,,0.00
BMI,2023-05-19,2273.4400,2221.1200,2023-05-24,2221.1200,191.13,-1.0258,-0.023607,stop,3,0,,0.00
FTAI,2023-06-02,33.9727,32.7373,2023-06-05,33.3169,7929.02,-0.5471,-0.019898,ma_break,1,0,,0.00
FIVE,2023-06-16,196.3000,190.5300,2023-06-16,190.5300,1719.55,-1.0201,-0.029985,stop,0,0,,0.00
BMI,2023-06-02,2273.1200,2196.5600,2023-06-22,2352.8000,127.95,1.0226,0.034443,ma_break,13,0,,0.00
PWR,2023-06-28,292.4850,285.8400,2023-07-06,288.7950,1470.28,-0.5815,-0.013212,ma_break,5,0,,0.00
PWR,2023-07-11,299.2650,292.2975,2023-07-14,292.2975,1436.86,-1.0255,-0.023875,stop,3,0,,0.00
AVGO,2023-07-11,881.1100,848.2800,2023-07-18,903.4300,304.94,0.6636,0.024724,no_progress,5,0,,0.00
ORCL,2023-07-19,1087.3800,1060.2900,2023-07-20,1057.4100,377.90,-1.1301,-0.028153,stop,1,0,,0.00
ALGM,2023-06-21,41.6000,40.3750,2023-07-24,47.8800,7979.89,4.0417,0.119016,ma_break,22,1,45.2750,3989.94
BMI,2023-07-21,2543.8400,2386.8816,2023-07-28,2596.1600,63.94,0.3235,0.019961,no_progress,5,0,,0.00
NFLX,2023-08-01,6123.1800,5968.2000,2023-08-02,6015.8000,66.33,-0.7164,-0.018131,ma_break,1,0,,0.00
POWL,2023-08-03,85.8700,73.0100,2023-08-10,79.0100,802.97,-0.5373,-0.080464,no_progress,5,0,,0.00
MPC,2023-07-21,250.0000,244.1600,2023-08-16,282.8000,1718.52,4.2812,0.100010,ma_break,18,1,267.5200,859.26
ORCL,2023-08-24,1077.1200,1008.9882,2023-08-24,1016.1900,153.71,-0.9035,-0.057151,ma_break,0,0,,0.00
IBKR,2023-07-27,85.7300,82.7600,2023-08-29,91.5600,3421.93,1.9451,0.067384,ma_break,23,0,,0.00
PRIM,2023-08-30,34.9900,34.3800,2023-09-05,34.3800,16990.03,-1.0341,-0.018028,stop,3,0,,0.00
XPO,2023-08-30,52.3560,50.7721,2023-09-08,51.6689,6543.22,-0.4535,-0.013719,ma_break,6,0,,0.00
AVGO,2023-09-15,868.1600,855.0000,2023-09-15,855.0000,795.27,-1.0393,-0.015754,stop,0,0,,0.00
LLY,2023-09-08,2289.3200,2250.4828,2023-09-15,2302.6400,265.13,1.6356,0.027747,ma_break,5,1,2405.8316,132.56
AGI,2023-09-18,12.4600,12.1950,2023-09-22,12.1950,38752.43,-1.0279,-0.021862,stop,4,0,,0.00
ANET,2023-10-09,770.2400,742.5200,2023-10-13,759.4000,378.52,-0.4076,-0.014669,ma_break,4,0,,0.00
FN,2023-09-28,159.1000,154.6800,2023-10-13,173.1800,2299.51,3.1494,0.087494,ma_break,11,1,173.0600,1149.75
AVGO,2023-10-09,840.4600,811.7200,2023-10-19,867.8300,365.09,0.9345,0.031956,ma_break,8,0,,0.00
BKR,2023-10-18,35.7900,34.9900,2023-10-20,34.9900,13230.50,-1.0265,-0.022946,stop,2,0,,0.00
AVGO,2023-11-03,877.5000,860.0000,2023-11-27,950.2400,596.98,3.5471,0.070740,ma_break,15,1,930.0000,298.49
META,2023-11-13,326.2000,319.4600,2023-11-29,332.2000,1647.98,0.8609,0.017788,ma_break,11,0,,0.00
SNPS,2023-11-02,960.7200,936.0000,2023-12-04,1062.4000,421.95,3.5322,0.090887,ma_break,21,1,1034.8800,210.97
FTAI,2023-12-04,49.2084,47.7679,2023-12-06,48.5409,7847.48,-0.4838,-0.014161,ma_break,2,0,,0.00
CCJ,2023-12-15,278.1600,264.6600,2023-12-15,269.7600,870.32,-0.6344,-0.030789,ma_break,0,0,,0.00
ANET,2023-12-11,896.0000,865.7200,2024-01-02,926.2400,370.23,1.4230,0.048091,ma_break,14,1,953.0400,185.11
AVGO,2023-12-11,957.0100,910.5262,2024-01-02,1085.3800,241.17,2.8676,0.139284,ma_break,14,1,1096.4614,120.59
FTAI,2023-12-11,51.5271,50.1218,2024-01-02,53.0846,7977.40,1.7775,0.048476,ma_break,14,1,55.0286,3988.70
LLY,2024-01-04,2501.0400,2395.2000,2024-01-11,2542.8800,111.64,0.3810,0.016124,no_progress,5,0,,0.00
DELL,2024-01-22,165.5356,156.4028,2024-01-29,164.8832,1383.37,-0.0823,-0.004540,no_progress,5,0,,0.00
ANET,2024-01-09,980.0000,940.0000,2024-01-31,1034.7200,295.93,1.3529,0.055220,ma_break,15,0,,0.00
FTAI,2024-01-09,55.0403,53.9013,2024-02-07,63.0387,10392.64,4.9807,0.103069,ma_break,20,1,58.4572,5196.32
DASH,2024-02-07,112.3400,108.2300,2024-02-16,111.8800,3174.54,1.4272,0.052215,stop,7,1,124.6700,1587.27
VRT,2024-01-19,52.5000,49.6700,2024-02-21,58.5500,4377.34,2.5570,0.137835,ma_break,22,1,60.9900,2188.67
MSFT,2024-02-23,3325.3600,3268.5600,2024-02-26,3268.5600,232.63,-1.0348,-0.017676,stop,1,0,,0.00
AVGO,2024-03-04,1403.1500,1320.0000,2024-03-08,1320.0000,160.05,-1.0098,-0.059842,stop,4,0,,0.00
JBL,2024-02-09,1091.2800,1051.8800,2024-03-11,1182.8800,335.26,2.6450,0.095497,ma_break,20,1,1209.4800,167.63
MANH,2024-02-29,1020.0000,997.2480,2024-03-13,1006.6800,578.18,-0.6122,-0.013655,ma_break,9,0,,0.00
MSFT,2024-03-13,3344.8000,3254.3200,2024-03-20,3401.8400,145.67,0.6080,0.016448,no_progress,5,0,,0.00
ANET,2024-03-21,1196.0000,1143.0000,2024-03-27,1143.0000,249.31,-1.0132,-0.044901,stop,4,0,,0.00
AMAT,2024-03-21,1706.9600,1590.3672,2024-03-28,1649.8400,113.33,-0.4985,-0.034053,ma_break,5,0,,0.00
LLY,2024-03-20,3080.4400,3020.0000,2024-04-01,3020.0000,217.49,-1.0303,-0.020215,stop,7,0,,0.00
DDOG,2024-04-09,127.2000,122.8370,2024-04-10,121.5000,2944.36,-1.3235,-0.045398,stop,1,0,,0.00
PDD,2024-04-23,125.3800,113.3600,2024-04-30,125.1800,1054.59,-0.0229,-0.002195,no_progress,5,0,,0.00
SM,2024-04-26,201.8400,197.5600,2024-04-30,197.5600,3025.21,-1.0280,-0.021799,stop,2,0,,0.00
NRG,2024-05-03,151.0000,146.4400,2024-05-07,146.4400,2820.83,-1.0196,-0.030790,stop,2,0,,0.00
SW,2024-05-03,51.5400,50.0800,2024-05-10,51.6400,8810.26,0.0473,0.001340,no_progress,5,0,,0.00
LRCX,2024-05-16,2850.1500,2751.3600,2024-05-17,2751.3600,129.82,-1.0170,-0.035251,stop,1,0,,0.00
ESTC,2024-04-23,98.2900,94.6100,2024-05-22,107.8600,3444.62,2.7834,0.104211,ma_break,21,1,109.3300,1722.31
AMD,2024-05-16,321.8400,309.4000,2024-05-23,320.8600,1030.92,-0.0943,-0.003644,ma_break,5,0,,0.00
PWR,2024-05-24,417.0000,409.6770,2024-05-31,409.6770,1724.08,-1.0339,-0.018156,stop,4,0,,0.00
PLTR,2024-05-31,21.7900,21.0200,2024-06-03,21.0200,16497.99,-1.0167,-0.035927,stop,1,0,,0.00
SAN,2024-06-03,62.6400,61.7400,2024-06-04,61.6800,13865.54,-1.1081,-0.015921,stop,1,0,,0.00
SM,2024-06-12,198.3600,189.4004,2024-06-13,189.4004,1402.75,-1.0130,-0.045755,stop,1,0,,0.00
AMAT,2024-06-06,1773.3600,1745.5200,2024-06-21,1883.2800,439.21,3.4349,0.053924,ma_break,10,1,1856.8800,219.60
VSEC,2024-06-25,430.7000,414.7250,2024-07-01,427.9500,785.70,-0.1883,-0.006983,ma_break,4,0,,0.00
IBKR,2024-07-02,127.0000,122.4800,2024-07-05,122.4800,2771.85,-1.0166,-0.036180,stop,2,0,,0.00
HBM,2024-07-05,0.3250,0.3126,2024-07-08,0.3126,1015218.64,-1.0155,-0.038537,stop,1,0,,0.00
NFLX,2024-06-17,9367.5400,9136.9600,2024-07-10,9487.1000,54.40,0.4940,0.012159,ma_break,15,0,,0.00
AMAT,2024-07-09,1984.0000,1944.8800,2024-07-11,1944.8800,316.96,-1.0301,-0.020312,stop,2,0,,0.00
CW,2024-07-11,2259.0400,2191.9200,2024-07-15,2207.0400,186.15,-0.7947,-0.023612,ma_break,2,0,,0.00
TPC,2024-07-12,23.8600,22.0200,2024-07-19,23.7300,6628.67,-0.0784,-0.006047,no_progress,5,0,,0.00
AVAV,2024-07-29,174.2100,169.9501,2024-07-30,173.5200,2832.79,-0.1865,-0.004560,ma_break,1,0,,0.00
CW,2024-08-01,2364.1600,2304.4000,2024-08-02,2298.0000,201.55,-1.1305,-0.028576,stop,1,0,,0.00
XPO,2024-08-15,87.9761,81.8140,2024-08-22,88.2003,1932.58,0.0278,0.001948,no_progress,5,0,,0.00
APH,2024-08-20,4254.0800,4161.2800,2024-08-27,4257.2800,128.14,0.0070,0.000152,no_progress,5,0,,0.00
MOD,2024-08-23,114.4100,111.6900,2024-09-03,111.6900,4397.22,-1.0249,-0.024367,stop,6,0,,0.00
RCL,2024-09-12,329.7000,312.0200,2024-09-19,343.1200,666.87,0.7476,0.040091,no_progress,5,0,,0.00
AEM,2024-09-13,83.1100,80.1400,2024-09-20,83.1300,3976.80,-0.0101,-0.000359,no_progress,5,0,,0.00
NFLX,2024-09-16,9800.0000,9520.0000,2024-09-23,9875.1800,42.34,0.2474,0.007069,no_progress,5,0,,0.00
WDC,2024-09-23,134.0600,129.9600,2024-09-24,129.9600,2900.04,-1.0193,-0.031174,stop,1,0,,0.00
NFLX,2024-09-25,10094.0000,9862.3000,2024-09-26,9862.3000,51.11,-1.0258,-0.023547,stop,1,0,,0.00
AVGO,2024-09-23,1720.0000,1664.7000,2024-10-01,1664.7000,215.01,-1.0184,-0.032742,stop,6,0,,0.00
NVDA,2024-09-25,58569.6000,55382.4000,2024-10-01,56160.0000,3.72,-0.7668,-0.041728,ma_break,4,0,,0.00
FLEX,2024-09-27,375.4745,355.0180,2024-10-03,357.6576,578.28,-0.8817,-0.048037,ma_break,4,0,,0.00
C,2024-10-09,18.9510,18.7470,2024-10-15,18.9510,55626.24,1.4438,0.015542,stop,4,1,19.5630,27813.12
NEM,2024-10-16,56.6000,54.6700,2024-10-24,54.6700,5953.80,-1.0173,-0.034689,stop,6,0,,0.00
AGI,2024-10-21,21.3000,20.3200,2024-10-28,20.5000,11931.24,-0.8291,-0.038147,ma_break,5,0,,0.00
APH,2024-10-14,4231.0400,4115.2000,2024-10-31,4289.2800,101.29,0.4807,0.013161,ma_break,13,0,,0.00
APH,2024-11-06,4631.0400,4364.8000,2024-11-13,4629.1200,44.45,-0.0176,-0.001014,no_progress,5,0,,0.00
PRIM,2024-11-06,78.2600,64.5900,2024-11-13,79.2000,865.68,0.0653,0.011408,no_progress,5,0,,0.00
IBKR,2024-10-29,151.2500,147.9800,2024-12-02,185.6800,3505.52,7.3340,0.158559,ma_break,23,1,164.9800,1752.76
ORCL,2024-12-09,1766.7000,1677.4200,2024-12-10,1561.1400,140.64,-2.3136,-0.116918,stop,1,0,,0.00
TTD,2024-12-03,1350.0000,1275.0000,2024-12-10,1326.6000,163.90,-0.3227,-0.017928,ma_break,5,0,,0.00
KGC,2024-12-12,3.4666,3.3666,2024-12-12,3.3666,122672.66,-1.0205,-0.029437,stop,0,0,,0.00
FFIV,2024-11-25,497.0400,490.1400,2024-12-18,504.0000,1784.15,1.9605,0.027216,ma_break,16,1,517.7400,892.07
NFLX,2024-12-26,12997.6000,12763.8000,2024-12-27,12763.8000,51.27,-1.0331,-0.018583,stop,1,0,,0.00
ANET,2025-01-06,1883.2000,1795.2000,2025-01-13,1761.7600,135.24,-1.3924,-0.065067,stop,4,0,,0.00
FLEX,2025-01-06,447.2919,427.0554,2025-01-13,434.6441,588.09,-0.6381,-0.028868,ma_break,4,0,,0.00
IBKR,2025-01-03,183.0000,173.5900,2025-01-13,183.2600,1260.64,0.0160,0.000820,ma_break,5,0,,0.00
CRS,2025-01-14,392.1200,366.8000,2025-01-27,398.6800,459.04,0.2497,0.016125,ma_break,8,0,,0.00
CW,2025-01-15,2928.5600,2805.0800,2025-01-27,2805.0800,94.48,-1.0139,-0.042751,stop,7,0,,0.00
GLW,2025-01-16,147.2700,144.4800,2025-01-27,147.2700,4167.59,1.4679,0.027809,stop,6,1,155.6400,2083.80
VIRT,2025-02-20,38.4300,37.9400,2025-02-20,37.9400,24621.38,-1.0468,-0.013347,stop,0,0,,0.00
FTNT,2025-01-29,999.2000,955.5000,2025-02-21,1100.2000,267.83,2.6411,0.115508,ma_break,16,1,1130.3000,133.92
TIGO,2025-02-25,27.7500,26.9300,2025-02-27,27.1500,14496.50,-0.7518,-0.022215,ma_break,2,0,,0.00
AEM,2025-03-14,103.7700,101.0500,2025-04-04,101.0500,4337.41,-1.0226,-0.026804,stop,15,0,,0.00
VIRT,2025-04-24,39.1500,38.6582,2025-04-24,38.6582,23743.63,-1.0475,-0.013158,stop,0,0,,0.00
DASH,2025-05-21,202.4900,198.5100,2025-05-23,197.6150,2903.22,-1.2550,-0.024668,stop,2,0,,0.00
NFLX,2025-05-28,16943.7800,16703.2600,2025-05-29,16703.2600,47.44,-1.0420,-0.014791,stop,1,0,,0.00
AEM,2025-06-03,122.6900,119.7700,2025-06-06,121.4000,3866.75,-0.3539,-0.008422,stop,3,1,122.0600,1933.37
VSEC,2025-06-09,670.0000,660.3000,2025-06-09,660.3000,1159.89,-1.0411,-0.015073,stop,0,0,,0.00
TIGO,2025-06-16,37.7400,36.8350,2025-06-17,36.8350,12302.55,-1.0247,-0.024573,stop,1,0,,0.00
FFIV,2025-06-24,594.0000,571.4200,2025-06-26,571.4200,488.03,-1.0155,-0.038602,stop,2,0,,0.00
NRG,2025-06-27,327.0400,312.5400,2025-07-01,312.5400,752.26,-1.0132,-0.044924,stop,2,0,,0.00
UI,2025-07-07,420.8300,411.7300,2025-07-08,411.7300,1186.52,-1.0274,-0.022217,stop,1,0,,0.00
CIEN,2025-07-16,23.6776,23.2519,2025-07-16,23.2519,25101.67,-1.0331,-0.018575,stop,0,0,,0.00
MTZ,2025-07-17,393.1875,385.0875,2025-07-22,391.9500,1305.67,-0.0250,-0.000514,stop,3,1,394.4925,652.84
AEM,2025-07-23,128.5600,123.6000,2025-07-28,125.4600,2131.72,-0.5003,-0.019302,stop,3,1,126.8500,1065.86
CRS,2025-07-31,570.3800,550.7000,2025-07-31,550.7000,535.63,-1.0171,-0.035093,stop,0,0,,0.00
CW,2025-07-29,3936.0000,3853.0408,2025-08-01,3843.5200,126.81,-1.1429,-0.024089,stop,3,0,,0.00
TIGO,2025-08-08,42.7200,39.0135,2025-08-15,44.6700,2777.01,0.5190,0.045032,no_progress,5,0,,0.00
NFLX,2025-08-12,17150.0000,16827.0200,2025-08-19,16827.0200,31.89,-1.0316,-0.019427,stop,5,0,,0.00
STX,2025-08-19,158.0900,154.0750,2025-08-20,154.0750,2593.43,-1.0233,-0.025989,stop,1,0,,0.00
WPM,2025-08-25,19.2100,18.6200,2025-09-18,20.9560,17175.57,2.9592,0.090887,ma_break,17,1,20.9800,8587.78
IBKR,2025-09-19,261.7780,250.4400,2025-09-26,264.4800,987.33,0.2244,0.009719,no_progress,5,0,,0.00
SCHW,2025-09-30,653.7375,644.2537,2025-09-30,644.2537,1209.56,-1.0411,-0.015103,stop,0,0,,0.00
ANET,2025-10-02,2400.0000,2288.3200,2025-10-02,2288.3200,105.09,-1.0126,-0.047119,stop,0,0,,0.00
NET,2025-10-03,225.0000,215.3662,2025-10-03,215.3662,1196.53,-1.0137,-0.043404,stop,0,0,,0.00
DASH,2025-10-07,283.1500,273.6800,2025-10-07,273.6800,1195.35,-1.0176,-0.034035,stop,0,0,,0.00
WDC,2025-08-25,203.7257,197.3734,2025-10-07,317.4331,1595.25,10.4276,0.325143,ma_break,30,1,222.7828,797.62
CRS,2025-10-08,516.0000,494.4202,2025-10-10,494.4202,511.82,-1.0140,-0.042409,stop,2,0,,0.00
FFIV,2025-10-09,685.1600,664.3000,2025-10-10,664.3000,530.87,-1.0194,-0.031036,stop,1,0,,0.00
NFLX,2025-10-21,17399.6200,16896.6000,2025-10-22,16000.6000,21.51,-2.8012,-0.080981,stop,1,0,,0.00
GLW,2025-10-27,265.8900,259.3200,2025-10-28,252.9300,1683.02,-1.9963,-0.049327,stop,1,0,,0.00
SAN,2025-10-29,124.2000,119.3028,2025-11-04,120.1200,2204.82,-0.8481,-0.033440,ma_break,4,0,,0.00
CRS,2025-10-22,499.6800,480.9400,2025-11-18,645.0400,561.26,5.3607,0.201049,ma_break,19,1,555.9000,280.63
B,2025-11-11,844.4400,817.4400,2025-11-20,864.0000,399.64,1.8429,0.058925,ma_break,7,1,925.4400,199.82
SAN,2025-11-26,126.8400,124.8012,2026-01-07,141.6000,5379.32,5.0809,0.081670,ma_break,27,1,132.9564,2689.66
C,2025-12-04,31.9964,30.9299,2026-01-12,35.3099,10517.67,3.0345,0.101146,ma_break,25,1,35.1959,5258.84
SAN,2026-01-13,147.0000,143.4000,2026-01-20,143.4000,3295.83,-1.0242,-0.025082,stop,4,0,,0.00
CRS,2026-01-27,694.4200,672.0200,2026-01-28,672.0200,545.76,-1.0183,-0.032847,stop,1,0,,0.00
VISN,2026-01-29,0.9390,0.9098,2026-01-29,0.9098,420577.92,-1.0190,-0.031741,stop,0,0,,0.00
WPM,2026-01-13,26.0440,25.3540,2026-01-30,26.3740,17195.64,1.7160,0.045462,ma_break,12,1,28.1140,8597.82
ROK,2026-02-03,431.0000,420.0000,2026-02-05,405.2800,1063.38,-2.3610,-0.060257,stop,2,0,,0.00
BABA,2026-02-11,164.0900,162.3000,2026-02-11,162.3000,6380.48,-1.0547,-0.011505,stop,0,0,,0.00
UMC,2026-02-12,11.3453,10.9106,2026-02-18,11.1171,25997.16,-0.5405,-0.020709,ma_break,3,0,,0.00
NVT,2026-02-26,122.0100,118.6200,2026-02-26,118.6200,3315.49,-1.0213,-0.028376,stop,0,0,,0.00
AMD,2026-03-20,409.7700,385.6600,2026-03-20,402.6600,471.11,-0.3050,-0.017946,ma_break,0,0,,0.00
VLO,2026-03-03,875.9600,829.9600,2026-03-25,938.1600,241.84,1.3403,0.070387,ma_break,16,0,,0.00
TIGO,2026-03-24,74.0700,71.5900,2026-03-26,73.3500,4548.59,-0.3082,-0.010318,ma_break,2,0,,0.00
MRNA,2026-04-16,54.1300,53.2600,2026-04-16,53.2600,12878.66,-1.0370,-0.016668,stop,0,0,,0.00
FIVE,2026-04-20,234.7700,226.5000,2026-04-24,234.7700,1340.78,0.3130,0.011025,stop,4,1,240.2300,670.39
BKR,2026-04-23,62.9900,60.9600,2026-05-06,66.6700,5497.55,2.3871,0.076929,ma_break,9,1,69.0800,2748.77
VLO,2026-04-30,983.5200,968.4800,2026-05-06,968.4800,760.72,-1.0389,-0.015887,stop,4,0,,0.00
CW,2026-05-14,6080.0000,5778.8400,2026-05-15,5778.8400,38.78,-1.0118,-0.050118,stop,1,0,,0.00
DVN,2026-05-18,98.0200,95.4800,2026-05-21,95.4800,4510.30,-1.0229,-0.026505,stop,3,0,,0.00
BKR,2026-05-19,66.4200,63.7200,2026-05-27,63.7200,4264.40,-1.0145,-0.041238,stop,5,0,,0.00
FIVE,2026-05-29,223.4500,219.4600,2026-06-02,219.4600,2840.49,-1.0333,-0.018451,stop,2,0,,0.00
AMAT,2026-06-03,3903.6000,3691.6000,2026-06-05,3691.6000,53.46,-1.0107,-0.054893,stop,2,0,,0.00
ORA,2026-05-08,122.6900,119.2800,2026-06-08,136.4700,3305.13,3.4979,0.097219,ma_break,20,1,132.9200,1652.56
NVDA,2026-06-16,101366.4000,100003.2000,2026-06-16,100003.2000,8.23,-1.0443,-0.014044,stop,0,0,,0.00
SAN,2026-06-12,151.3200,143.9400,2026-07-08,162.8400,1501.48,1.5482,0.075507,ma_break,16,0,,0.00
CSCO,2026-07-10,1058.6250,1037.4750,2026-07-14,1053.8100,538.00,-0.2576,-0.005147,ma_break,2,0,,0.00
XPO,2026-07-17,156.6631,150.5299,2026-07-24,154.0594,1873.44,-0.4397,-0.017215,no_progress,5,0,,0.00
CSCO,2026-07-27,1036.3950,1009.7946,2026-07-28,1009.7946,428.42,-1.0231,-0.026259,stop,1,0,,0.00
VLO,2026-06-26,1013.8400,960.0800,2026-07-28,1195.5200,206.74,3.1775,0.168488,ma_break,21,1,1175.1200,103.37
CSCO,2026-08-05,1116.0000,1068.5700,2026-08-05,1068.5700,238.08,-1.0138,-0.043087,stop,0,0,,0.00
XOM,2026-08-19,664.2600,653.0160,2026-08-24,653.0160,994.09,-1.0351,-0.017522,stop,3,0,,0.00
TPC,2026-08-28,91.8900,88.9900,2026-08-28,88.9900,3814.42,-1.0187,-0.032150,stop,0,0,,0.00
TSM,2026-08-28,1574.1026,1548.4745,2026-08-28,1548.4745,431.63,-1.0366,-0.016876,stop,0,0,,0.00
XOM,2026-09-02,655.7200,648.8600,2026-09-03,648.8600,1579.37,-1.0571,-0.011059,stop,1,0,,0.00
APH,2026-09-08,10695.6800,10476.1600,2026-09-08,10476.1600,48.51,-1.0289,-0.021118,stop,0,0,,0.00
TIGO,2026-09-04,95.9800,94.0000,2026-09-08,94.0000,5414.12,-1.0288,-0.021223,stop,1,0,,0.00
CSCO,2026-09-14,989.7300,975.2400,2026-09-14,990.5400,724.64,0.0149,0.000218,ma_break,0,0,,0.00
ZD,2026-09-15,65.7827,64.4712,2026-09-23,65.2880,8007.29,-0.4072,-0.008118,ma_break,6,0,,0.00
